{"cameraMode":{"drawMode":0,"name":"Shaded","section":"Shading Mode"},"sceneLighting":true,"audioPlay":false,"sceneViewState":{"showFog":false,"showMaterialUpdate":false,"showSkybox":true,"showFlares":true,"showImageEffects":true,"showParticleSystems":true},"in2DMode":false,"pivot":{"x":-0.264373779296875,"y":-2.3343334197998049,"z":4.657858848571777},"rotation":{"x":0.3966464698314667,"y":-0.579501211643219,"z":0.3827986717224121,"w":0.6003536581993103},"size":8.184693336486817,"orthographic":false}