{"cameraMode":{"drawMode":0,"name":"Shaded","section":"Shading Mode"},"sceneLighting":false,"audioPlay":false,"sceneViewState":{"showFog":false,"showMaterialUpdate":false,"showSkybox":false,"showFlares":true,"showImageEffects":true,"showParticleSystems":true},"in2DMode":false,"pivot":{"x":3.8131699562072756,"y":0.5,"z":1.4556623697280884},"rotation":{"x":-0.06764359772205353,"y":0.9322125315666199,"z":-0.25981462001800539,"w":-0.2427048236131668},"size":0.8660253882408142,"orthographic":false}